monthly_spend,tenure_days,logins_per_day,tickets_per_month,support_tickets,logins_last_30_days,churned
383.7,660,0.7666666666666667,0.045433893684688774,1,23,True
295.41,110,0.0,0.0,0,0,False
277.41,101,0.7333333333333333,0.29615004935834155,1,22,True
149.2,671,0.8,0.0,0,24,False
240.18,831,1.0,0.03608805485384338,1,30,True
220.97,787,0.6333333333333333,0.07620983106820779,2,19,False
256.74,276,0.06666666666666667,0.32573289902280134,3,2,False
332.89,571,0.6,0.10502363031682127,2,18,True
347.57,202,0.9,0.0,0,27,False
175.09,244,0.16666666666666666,0.24559967253376996,2,5,False
170.14,385,0.06666666666666667,0.38930703348040485,5,2,False
378.11,629,0.26666666666666666,0.1430160495788972,3,8,False
148.83,953,0.23333333333333334,0.0,0,7,False
191.95,847,0.9666666666666667,0.03540658562492623,1,29,True
191.61,971,0.9333333333333333,0.09265932255739731,3,28,False
169.2,942,0.5666666666666667,0.1273479783508437,4,17,False
454.02,275,0.13333333333333333,0.10897203051216856,1,4,False
71.2,527,0.16666666666666666,0.28446804475630566,5,5,False
78.59,817,0.5333333333333333,0.11011868346996206,3,16,False
474.09,263,0.7,0.0,0,21,False
395.87,912,0.43333333333333335,0.06576783952647156,2,13,False
374.94,167,0.8,0.7172743574417215,4,24,False
441.73,188,0.5333333333333333,0.7966011683483802,5,16,False
218.26,629,0.9666666666666667,0.19068806610519626,4,29,True
58.76,6,0.23333333333333334,9.523809523809524,2,7,False
305.31,65,0.5,2.297090352220521,5,15,True
392.27,841,0.7,0.03565909901343159,1,21,True
169.28,492,1.0,0.18281535648994515,3,30,False
378.47,222,0.4,0.2699055330634278,2,12,False
454.83,693,0.23333333333333334,0.04327131112072695,1,7,False
299.26,71,0.06666666666666667,0.0,0,2,False
80.33,730,0.06666666666666667,0.08215801725318363,2,2,False
351.04,532,0.7666666666666667,0.05635919594213788,1,23,True
262.7,963,0.2,0.09342883836810963,3,6,False
243.97,102,0.9,0.8797653958944283,3,27,True
344.05,752,0.4,0.0,0,12,True
99.17,751,0.4666666666666667,0.15972314654598693,4,14,False
258.18,149,0.4666666666666667,0.0,0,14,False
94.06,833,0.8666666666666667,0.1440057602304092,4,26,False
389.1,21,0.5,4.225352112676057,3,15,False
230.47,498,0.0,0.18061408789885608,3,0,True
402.83,405,0.7333333333333333,0.2220577350111029,3,22,True
300.1,986,0.2,0.030416708912095712,1,6,False
76.32,309,0.7666666666666667,0.0,0,23,True
312.88,327,0.16666666666666666,0.36663611365719523,4,5,True
433.1,64,0.7,0.0,0,21,False
103.95,888,0.6,0.03377237419790611,1,18,True
86.89,614,0.5333333333333333,0.19534429431873676,4,16,True
351.38,329,0.4,0.18220467658669906,2,12,False
255.75,140,0.0,0.0,0,0,False
498.24,475,0.5333333333333333,0.06311803071744161,1,16,False
207.05,277,0.36666666666666664,0.10818608005769925,1,11,True
425.19,297,0.8333333333333334,0.4036326942482341,4,25,True
417.7,675,0.1,0.2221235006663705,5,3,False
101.94,967,0.13333333333333333,0.12405665253799235,4,4,False
144.78,284,0.6666666666666666,0.5276116778051354,5,20,True
269.84,879,0.06666666666666667,0.0,0,2,True
69.84,655,0.6666666666666666,0.04578055852281398,1,20,False
248.83,274,0.0,0.4374772147283996,4,0,True
447.4,120,0.03333333333333333,0.9975062344139651,4,1,True
116.64,860,0.36666666666666664,0.06974311286760432,2,11,False
67.95,926,0.23333333333333334,0.16193457843031414,5,7,False
401.05,688,0.6333333333333333,0.13075693738195554,3,19,True
468.45,773,0.9333333333333333,0.0387947756368809,1,28,True
381.45,428,0.8333333333333334,0.2101330842867149,3,25,True
161.68,691,0.1,0.21698249674526252,5,3,False
261.81,397,0.36666666666666664,0.22652907123080798,3,11,False
152.42,318,0.4,0.09425070688030161,1,12,False
81.24,342,0.6666666666666666,0.175284837861525,2,20,True
291.3,527,0.9333333333333333,0.0,0,28,False
311.27,999,0.1,0.0,0,3,True
403.89,616,0.1,0.1947103683271134,4,3,False
164.63,400,0.5333333333333333,0.0,0,16,False
373.74,953,0.2,0.1573481590265394,5,6,False
348.91,378,0.7,0.15860428231562254,2,21,False
455.02,874,0.43333333333333335,0.17156582408784168,5,13,True
299.49,340,1.0,0.44078754040552454,5,30,False
128.31,394,0.5666666666666667,0.2282525995434948,3,17,False
179.11,859,0.6333333333333333,0.13964855114628186,4,19,True
248.97,676,0.8333333333333334,0.13307703681798017,3,25,False
126.36,928,0.7,0.12926855542389312,4,21,False
418.29,654,0.3,0.22925263640531865,5,9,False
60.99,236,0.6333333333333333,0.38087177316969956,3,19,False
236.5,876,0.7333333333333333,0.034234851078397806,1,22,False
159.79,719,0.9333333333333333,0.0,0,28,False
97.96,774,0.8333333333333334,0.03874467260751646,1,25,False
72.6,986,0.4666666666666667,0.0,0,14,False
289.01,142,1.0,0.42164441321152496,2,30,False
416.75,779,0.8666666666666667,0.11548825869369947,3,26,False
121.62,934,0.26666666666666666,0.09632880231189125,3,8,False
336.95,775,0.5,0.1547787953050432,4,15,True
247.94,647,0.26666666666666666,0.04634636181059786,1,8,True
86.26,349,0.7333333333333333,0.25765817348983683,3,22,False
236.69,162,0.43333333333333335,0.5545286506469501,3,13,False
239.06,69,1.0,1.7316017316017318,4,30,True
446.3,718,0.0,0.12529583739384656,3,0,True
225.49,971,0.5666666666666667,0.09265932255739731,3,17,False
321.46,771,0.26666666666666666,0.038895371450797356,1,8,False
201.26,452,0.7666666666666667,0.1989829759009507,3,23,False
107.43,175,0.9666666666666667,0.0,0,29,False
62.2,409,0.9,0.07329587099926704,1,27,False
167.07,478,0.3333333333333333,0.18816642274722978,3,10,True
175.22,351,0.26666666666666666,0.25619128949615716,3,8,False
58.72,860,0.23333333333333334,0.06974311286760432,2,7,True
480.78,671,1.0,0.0,0,30,True
59.17,259,0.5,0.11569610489780179,1,15,True
476.49,691,0.8,0.086792998698105,2,24,True
323.26,383,0.8,0.0,0,24,True
189.97,844,0.6,0.07106478739784436,2,18,True
228.49,699,0.6,0.0,0,18,False
95.86,713,0.6333333333333333,0.21029020047665778,5,19,False
492.73,830,0.5666666666666667,0.07226303745634108,2,17,True
277.68,444,0.8666666666666667,0.2025658338960162,3,26,False
482.35,507,0.7333333333333333,0.17740981667652275,3,22,True
284.79,162,0.8333333333333334,0.7393715341959335,4,25,False
259.19,947,0.26666666666666666,0.12667581547556211,4,8,False
470.58,336,0.23333333333333334,0.26761819803746656,3,7,False
350.68,774,0.9,0.11623401782254938,3,27,False
145.45,338,0.26666666666666666,0.17735737511084834,2,8,True
174.32,907,0.06666666666666667,0.033065138322495316,1,2,False
299.83,253,0.6666666666666666,0.35530990919857874,3,20,False
57.76,734,0.7333333333333333,0.12256570883834945,3,22,False
216.06,255,0.43333333333333335,0.23501762632197415,2,13,False
366.28,769,0.23333333333333334,0.07799298063174313,2,7,False
103.8,129,0.16666666666666666,1.160092807424594,5,5,False
267.89,202,0.6333333333333333,0.5931784478497282,4,19,True
137.35,295,0.3,0.1015916017609211,1,9,False
173.44,20,0.3,5.911330049261084,4,9,False
440.81,720,0.6,0.0,0,18,False
203.32,297,1.0,0.20181634712411706,2,30,False
79.4,888,0.6666666666666666,0.13508949679162444,4,20,False
117.14,708,0.06666666666666667,0.08470986869970351,2,2,True
394.0,260,0.23333333333333334,0.4610065309258548,4,7,True
458.83,800,0.43333333333333335,0.14994377108584278,4,13,False
324.33,318,0.6666666666666666,0.09425070688030161,1,20,False
86.53,222,0.06666666666666667,0.5398110661268556,4,2,True
252.73,166,0.03333333333333333,0.3607937462417318,2,1,True
177.22,243,0.7,0.0,0,21,True
406.06,245,0.43333333333333335,0.1222992254382389,1,13,False
117.05,123,0.06666666666666667,0.24330900243309006,1,2,False
188.43,67,0.9666666666666667,1.7830609212481427,4,29,True
359.91,301,0.5333333333333333,0.19913707268503153,2,16,False
319.12,558,0.3333333333333333,0.2686727565824825,5,10,False
91.1,624,0.6,0.19221528111484862,4,18,True
394.14,979,0.03333333333333333,0.1225365056673134,4,1,True
283.53,787,0.16666666666666666,0.07620983106820779,2,5,False
271.28,605,0.43333333333333335,0.09912440112340987,2,13,False
435.98,347,0.5,0.43190325367117766,5,15,False
416.1,301,0.06666666666666667,0.2987056090275473,3,2,False
102.16,328,0.8666666666666667,0.36551934206518427,4,26,True
257.89,7,0.36666666666666664,16.43835616438356,4,11,False
248.92,643,0.5666666666666667,0.0932690812995492,2,17,False
446.38,140,0.6666666666666666,0.0,0,20,False
121.27,629,0.43333333333333335,0.19068806610519626,4,13,False
428.63,101,0.6666666666666666,0.0,0,20,True
469.69,858,0.26666666666666666,0.17476406850751483,5,8,True
159.68,431,0.2,0.20867145838163692,3,6,False
445.7,949,0.8,0.0632044664489624,2,24,False
470.41,814,0.3,0.0,0,9,False
314.12,749,0.9,0.12011210463098893,3,27,True
205.31,158,0.4,0.7580543272267847,4,12,False
134.89,472,0.4,0.2540757992801186,4,12,False
69.64,245,0.9666666666666667,0.6114961271911945,5,29,False
406.58,836,0.5,0.03587229463111324,1,15,False
276.03,993,0.9,0.0,0,27,True
459.7,871,0.43333333333333335,0.03443130953747274,1,13,False
83.67,897,0.3333333333333333,0.06686726847208292,2,10,False
86.14,644,0.9,0.23281080242123234,5,27,False
332.06,552,0.9,0.16295491580662683,3,27,False
80.79,560,0.23333333333333334,0.10708548991611636,2,7,True
490.25,770,0.9,0.1947293262365312,5,27,True
184.76,108,0.8333333333333334,0.554016620498615,2,25,False
218.68,63,0.43333333333333335,1.8957345971563981,4,13,True
126.49,585,0.6333333333333333,0.15376729882111737,3,19,False
460.77,705,0.6666666666666666,0.12760527435133984,3,20,True
54.23,266,0.7,0.22530980097634246,2,21,False
248.78,565,0.3,0.21227666725632408,4,9,True
162.54,660,0.4,0.045433893684688774,1,12,False
221.61,879,0.7333333333333333,0.06823609689525759,2,22,False
423.52,308,0.6,0.0,0,18,True
488.12,891,0.5,0.1682935038707506,5,15,False
399.08,858,0.23333333333333334,0.06990562740300593,2,7,False
162.78,657,0.7,0.22820629849383842,5,21,True
93.72,864,0.3,0.0,0,9,True
214.19,813,0.3333333333333333,0.07377351530800441,2,10,False
109.47,771,0.5333333333333333,0.07779074290159471,2,16,False
124.04,519,1.0,0.17331022530329288,3,30,False
441.68,831,1.0,0.10826416456153012,3,30,True
484.93,83,0.7,1.8007202881152462,5,21,True
300.79,412,0.0,0.21828765462042204,3,0,False
215.86,276,0.6,0.21715526601520088,2,18,False
217.16,396,0.0,0.22710068130204392,3,0,False
197.6,640,0.06666666666666667,0.23426518819303452,5,2,False
365.48,656,0.13333333333333333,0.0,0,4,False
498.17,52,0.9333333333333333,0.5736137667304015,1,28,False
254.14,556,0.7333333333333333,0.26963868416322123,5,22,True
384.02,974,0.6666666666666666,0.09237401211125937,3,20,False
233.65,107,0.7333333333333333,0.0,0,22,False
250.11,385,0.1,0.15572281339216196,2,3,True
490.03,708,0.26666666666666666,0.12706480304955525,3,8,False
431.61,200,0.2,0.7488766849725412,5,6,False
72.76,663,0.8333333333333334,0.04522840343735866,1,25,False
423.42,584,0.2,0.20537395173712134,4,6,True
398.47,838,0.0,0.14314684480496243,4,0,False
494.39,289,0.1,0.10369858278603526,1,3,False
56.69,682,0.6,0.04396892862377253,1,18,False
169.42,337,0.5333333333333333,0.26682478505781204,3,16,True
251.72,122,0.1,0.9811937857726902,4,3,False
326.8,468,0.5333333333333333,0.3203074951953876,5,16,False
64.02,314,0.43333333333333335,0.28635062042634424,3,13,False
370.58,708,0.3333333333333333,0.0,0,10,True
106.79,628,0.5666666666666667,0.19099156453923283,4,17,True
288.75,735,0.43333333333333335,0.1631986944104447,4,13,False
433.76,107,0.7666666666666667,1.1183597390493942,4,23,False
253.2,892,0.8666666666666667,0.06724195898240501,2,26,True
92.79,470,0.26666666666666666,0.318945354029343,5,8,False
465.34,389,0.06666666666666667,0.0,0,2,False
382.46,448,0.03333333333333333,0.26767789426723176,4,1,True
198.34,606,0.9,0.09896091044037605,2,27,False
440.64,687,0.6333333333333333,0.08729812309035356,2,19,False
278.34,325,0.23333333333333334,0.27666769136181985,3,7,False
430.42,873,0.6,0.06870491240123668,2,18,True
302.43,237,0.6333333333333333,0.5056890012642224,4,19,False
324.05,697,0.26666666666666666,0.21511544528897172,5,8,False
366.21,35,0.36666666666666664,1.6997167138810196,2,11,True
114.46,12,0.13333333333333333,0.0,0,4,True
91.29,764,0.43333333333333335,0.11775480832133979,3,13,False
190.24,470,0.6333333333333333,0.2551562832234744,4,19,False
120.83,92,0.06666666666666667,1.6251354279523293,5,2,False
268.55,284,0.2,0.21104467112205416,2,6,False
243.46,779,0.6,0.19248043115616578,5,18,False
70.44,504,0.03333333333333333,0.23795359904818558,4,1,False
475.4,13,0.3,4.511278195488722,2,9,True
273.82,341,0.4,0.08789920890711983,1,12,True
301.43,551,0.06666666666666667,0.10883366588064573,2,2,False
246.3,412,0.9,0.0,0,27,False
231.99,326,0.1,0.18387986515476554,2,3,False
196.15,420,0.4666666666666667,0.28551034975017847,4,14,True
89.66,857,0.43333333333333335,0.03499358450950659,1,13,False
228.1,609,0.23333333333333334,0.0984736582964057,2,7,False
279.72,347,0.2,0.34552260293694215,4,6,False
377.32,933,0.23333333333333334,0.03214400514304082,1,7,False
138.77,111,0.06666666666666667,1.3477088948787062,5,2,True
272.35,187,0.4666666666666667,0.6406833956219968,4,14,False
339.35,703,0.9,0.08531210009953077,2,27,False
247.89,1000,0.3,0.14995501349595122,5,9,False
75.28,821,0.4666666666666667,0.0730549129428954,2,14,True
215.93,468,0.9,0.3203074951953876,5,27,True
317.34,881,0.5666666666666667,0.13616248723476682,4,17,True
68.46,983,0.6666666666666666,0.1220380351876335,4,20,False
275.62,198,0.1,0.4538577912254161,3,3,False
492.07,836,0.16666666666666666,0.17936147315556616,5,5,False
246.99,46,0.6333333333333333,2.5917926565874727,4,19,True
177.3,168,0.7,0.3565062388591801,2,21,False
333.9,618,0.1,0.09704027171276078,2,3,True
163.4,577,0.9,0.20786419539234363,4,27,False
348.63,159,1.0,0.37664783427495296,2,30,False
108.03,677,0.3,0.0,0,9,False
197.81,578,0.8666666666666667,0.2593809441466367,5,26,False
460.6,975,0.43333333333333335,0.15379883112888343,5,13,False
188.99,526,1.0,0.11400342010260306,2,30,False
499.99,790,0.9,0.07592053650512463,2,27,False
396.89,813,0.03333333333333333,0.14754703061600882,4,1,True
328.11,683,0.16666666666666666,0.04390458071125421,1,5,False
331.13,191,0.4666666666666667,0.7841087297438579,5,14,False
373.81,50,0.3,2.3856858846918487,4,9,False
155.3,776,0.9333333333333333,0.11593456138090943,3,28,False
355.24,861,0.4666666666666667,0.1044932079414838,3,14,True
221.84,793,0.8666666666666667,0.037816714988024705,1,26,True
442.85,210,0.9,0.42796005706134094,3,27,False
370.13,386,0.3,0.0,0,9,False
252.19,91,0.06666666666666667,0.9857612267250823,3,2,False
253.01,975,0.43333333333333335,0.0,0,13,False
156.1,60,0.23333333333333334,0.9950248756218907,2,7,False
427.63,34,0.13333333333333333,0.8746355685131195,1,4,False
423.39,45,0.8,0.6622516556291391,1,24,True
52.36,728,0.2,0.08238363311822051,2,6,False
473.1,861,0.1,0.1044932079414838,3,3,True
185.52,800,0.6666666666666666,0.1124578283143821,3,20,True
99.89,818,0.5666666666666667,0.14664548454112183,4,17,False
158.87,22,0.0,4.0358744394618835,3,0,False
237.46,635,0.5333333333333333,0.0,0,16,False
286.73,1004,0.5666666666666667,0.11948620930000996,4,17,False
69.59,26,0.26666666666666666,2.2813688212927756,2,8,False
404.83,771,0.7,0.19447685725398678,5,21,True
311.86,649,0.03333333333333333,0.04620360388110272,1,1,True
339.26,366,0.4666666666666667,0.40950040950040956,5,14,False
415.17,718,0.03333333333333333,0.12529583739384656,3,1,False
406.0,306,0.9666666666666667,0.19588638589618024,2,29,True
294.36,323,0.2,0.46396535725332505,5,6,False
71.51,298,0.1,0.2011397921555481,2,3,False
230.01,824,0.3333333333333333,0.10918354967851511,3,10,False
361.43,1003,0.26666666666666666,0.11960530250174427,4,8,True
241.02,826,0.5666666666666667,0.036306426237444026,1,17,True
197.56,306,0.6333333333333333,0.29382957884427036,3,19,False
249.76,740,0.9,0.20262055923274347,5,27,False
173.55,939,0.06666666666666667,0.0,0,2,False
280.89,693,1.0,0.04327131112072695,1,30,False
323.41,37,0.13333333333333333,0.0,0,4,True
340.32,74,0.03333333333333333,1.6150740242261103,4,1,True
252.47,625,0.8,0.14393091316168238,3,24,True
215.13,84,0.23333333333333334,0.711743772241993,2,7,False
381.05,989,0.9666666666666667,0.0909734155463459,3,29,True
398.73,581,0.6333333333333333,0.051608463788061235,1,19,True
140.08,298,0.4666666666666667,0.0,0,14,False
498.77,182,0.7,0.32912781130005486,2,21,False
293.98,361,0.7333333333333333,0.08303349017437033,1,22,False
128.34,732,0.1,0.04096681687832855,1,3,False
405.67,211,0.6,0.5679129200189305,4,18,False
108.4,383,0.3,0.0,0,9,False
265.4,413,0.8666666666666667,0.21775949673360753,3,26,False
487.57,594,0.4666666666666667,0.15143866733972738,3,14,True
445.08,702,0.6,0.21358393848782573,5,18,False
244.68,192,0.8666666666666667,0.0,0,26,False
124.1,133,0.23333333333333334,1.1252813203300824,5,7,False
452.72,360,0.2,0.16652789342214822,2,6,False
106.33,656,0.06666666666666667,0.1828432119457565,4,2,False
473.72,520,0.6333333333333333,0.2882952142994426,5,19,False
429.14,743,0.06666666666666667,0.0,0,2,False
309.55,52,0.43333333333333335,2.294455066921606,4,13,False
450.05,638,1.0,0.23499921666927776,5,30,False
413.31,315,0.06666666666666667,0.285442435775452,3,2,False
247.82,711,0.3333333333333333,0.04217629692113032,1,10,True
437.67,627,0.4,0.09564801530368244,2,12,True
302.74,139,0.1,0.6460875807609475,3,3,False
93.57,279,0.9,0.32223415682062295,3,27,False
439.39,636,0.9666666666666667,0.0942951438000943,2,29,False
393.4,597,0.4666666666666667,0.20090406830738322,4,14,False
60.43,516,0.4666666666666667,0.2324230098779779,4,14,False
312.5,995,0.5,0.06028333165879635,2,15,True
352.63,617,0.9,0.0,0,27,False
169.01,116,0.36666666666666664,0.7738607050730869,3,11,False
302.82,52,0.06666666666666667,1.147227533460803,2,2,False
297.44,401,0.7,0.299028158484924,4,21,False
488.79,631,0.5666666666666667,0.09504197687311895,2,17,True
139.58,967,0.03333333333333333,0.12405665253799235,4,1,False
371.12,52,0.4666666666666667,2.294455066921606,4,14,True
112.9,158,0.16666666666666666,0.37902716361339234,2,5,False
429.17,408,0.8666666666666667,0.29390154298310067,4,26,False
303.32,527,0.36666666666666664,0.0,0,11,False
312.67,345,0.9,0.43440486533449174,5,27,False
263.57,710,0.6,0.16894270026749258,4,18,False
266.2,239,0.6333333333333333,0.6268282490597576,5,19,False
419.75,799,1.0,0.15013136494432627,4,30,False
58.52,723,0.43333333333333335,0.04147656574035669,1,13,True
275.82,713,0.9,0.12617412028599467,3,27,True
367.6,874,0.3333333333333333,0.13725265927027336,4,10,False
191.19,684,0.3333333333333333,0.17536168347216133,4,10,False
440.44,565,0.26666666666666666,0.2653458340704051,5,8,False
160.93,630,1.0,0.047596382674916705,1,30,False
180.05,1002,0.5,0.149655791679138,5,15,False
470.17,330,0.3,0.18165304268846502,2,9,False
220.86,130,1.0,0.46047582501918655,2,30,False
68.93,797,0.36666666666666664,0.0,0,11,False
386.3,952,0.26666666666666666,0.12601071091042737,4,8,False
111.77,961,0.23333333333333334,0.12483095807760326,4,7,False
457.33,254,0.03333333333333333,0.11797090051120723,1,1,True
262.58,108,0.0,0.2770083102493075,1,0,False
121.07,993,0.5,0.0906070673512534,3,15,False
483.76,672,0.03333333333333333,0.22311468094600626,5,1,True
308.36,935,0.9,0.16037634983427776,5,27,False
464.66,965,0.9666666666666667,0.03107842121620222,1,29,True
426.29,947,0.9666666666666667,0.03166895386889053,1,29,True
180.26,772,0.6,0.07769001683283697,2,18,False
492.35,623,0.5666666666666667,0.24065458045884805,5,17,True
110.39,542,0.2,0.11063986723215931,2,6,False
123.12,834,0.7333333333333333,0.07191657677094569,2,22,True
201.7,196,0.8,0.7641365257259297,5,24,True
435.27,203,0.5333333333333333,0.4426955238563699,3,16,True
351.17,341,0.5,0.08789920890711983,1,15,True
167.35,337,1.0,0.17788319003854136,2,30,False
307.79,343,0.7333333333333333,0.17477424992717738,2,22,False
103.2,247,0.7,0.3639304488475536,3,21,True
366.6,520,0.6666666666666666,0.0,0,20,False
326.58,944,0.5,0.03176956475696283,1,15,False
218.13,162,0.8,0.5545286506469501,3,24,False
148.29,556,0.9,0.215710947330577,4,27,False
251.04,812,0.9666666666666667,0.0,0,29,True
422.95,583,0.6,0.051431510372021254,1,18,True
197.65,555,0.7,0.0,0,21,True
90.92,216,0.4666666666666667,0.0,0,14,False
303.76,141,0.8333333333333334,1.0615711252653928,5,25,False
164.51,321,0.6,0.09337068160597572,1,18,False
205.04,80,0.9666666666666667,0.0,0,29,True
470.2,921,0.16666666666666666,0.09768804949527841,3,5,True
338.69,793,0.36666666666666664,0.11345014496407411,3,11,True
462.7,918,0.7,0.0,0,21,False
109.85,993,0.16666666666666666,0.0,0,5,False
377.54,556,0.8,0.0,0,24,False
353.07,29,0.4,4.09556313993174,4,12,False
257.28,849,0.9666666666666667,0.035323207347227124,1,29,True
64.5,902,0.8,0.13299346115482655,4,24,False
158.3,964,0.03333333333333333,0.12444260085035778,4,1,False
442.5,463,0.4,0.0,0,12,False
147.77,455,0.13333333333333333,0.0,0,4,True
417.1,521,0.6,0.11509687320161134,2,18,False
194.3,618,0.7,0.04852013585638039,1,21,False
185.23,539,0.9333333333333333,0.22251066196921937,4,28,True
355.44,758,0.36666666666666664,0.0,0,11,False
403.61,970,0.43333333333333335,0.09275481809749563,3,13,False
132.75,158,0.9,0.18951358180669617,1,27,True
114.96,236,0.5666666666666667,0.0,0,17,False
288.5,428,0.2,0.14008872285780993,2,6,False
252.4,344,0.7666666666666667,0.3485332558814987,4,23,False
170.81,855,0.03333333333333333,0.14030164854437038,4,1,True
412.09,900,0.5666666666666667,0.16661112962345884,5,17,True
458.16,228,0.2,0.0,0,6,False
383.66,965,0.9666666666666667,0.09323526364860667,3,29,True
142.03,254,0.3333333333333333,0.47188360204482893,4,10,False
259.81,800,0.26666666666666666,0.07497188554292139,2,8,True
259.7,374,0.5,0.4007480630510286,5,15,False
141.41,785,0.6,0.0,0,18,False
115.67,890,0.6,0.1347860271818488,4,18,True
138.29,743,0.8666666666666667,0.16144221713978205,4,26,False
474.56,257,1.0,0.3497862417411582,3,30,False
257.37,746,0.16666666666666666,0.08039662334181964,2,5,False
132.82,149,1.0,1.0046885465505693,5,30,False
431.01,66,0.03333333333333333,2.262443438914027,5,1,False
111.87,788,0.7333333333333333,0.0,0,22,True
277.58,160,0.6666666666666666,0.7485963817841548,4,20,True
267.44,688,0.5666666666666667,0.0,0,17,False
288.24,570,0.0,0.10520778537611783,2,0,False
243.76,520,0.1,0.05765904285988852,1,3,False
117.0,946,0.26666666666666666,0.1268096798055585,4,8,True
228.6,840,0.4666666666666667,0.10710460549803641,3,14,False
363.76,584,0.6666666666666666,0.0,0,20,True
92.08,884,0.5,0.13570055411059595,4,15,False
127.12,63,0.6666666666666666,1.4218009478672986,3,20,False
488.23,809,0.23333333333333334,0.0,0,7,False
449.4,222,0.9666666666666667,0.0,0,29,False
454.69,82,0.16666666666666666,0.0,0,5,False
482.66,957,0.8666666666666667,0.15669069257286117,5,26,False
123.1,413,0.7,0.21775949673360753,3,21,False
390.02,924,0.7666666666666667,0.16228497241155468,5,23,False
74.16,86,0.3333333333333333,0.0,0,10,False
318.02,625,0.0,0.09595394210778826,2,0,False
496.66,655,0.5666666666666667,0.09156111704562796,2,17,True
355.86,969,0.8,0.0,0,24,False
160.9,639,0.13333333333333333,0.09385265133740027,2,4,True
119.42,395,0.1,0.15178345560333925,2,3,False
188.72,99,0.1,0.6042296072507554,2,3,True
243.94,141,0.43333333333333335,0.8492569002123143,4,13,True
209.26,111,0.8333333333333334,1.0781671159029649,4,25,True
181.33,338,0.7666666666666667,0.0,0,23,False
307.38,928,0.16666666666666666,0.09695141656791985,3,5,False
170.78,148,0.43333333333333335,0.20229265003371544,1,13,True
402.2,288,0.7666666666666667,0.10405827263267431,1,23,False
138.0,646,0.0,0.09283614420547733,2,0,False
329.09,977,0.4666666666666667,0.06139363552645042,2,14,False
436.78,348,0.3,0.08613264427217916,1,9,False
140.38,334,1.0,0.26921926413401137,3,30,False
362.73,332,0.8333333333333334,0.36111947035811015,4,25,True
417.42,254,0.9666666666666667,0.0,0,29,False
498.77,583,0.0,0.20572604148808502,4,0,True
368.77,981,0.8666666666666667,0.06114338122898196,2,26,False
431.5,715,0.5,0.20970222284356213,5,15,True
163.71,148,0.8333333333333334,0.6068779501011463,3,25,False
495.82,392,0.5666666666666667,0.22941626306398166,3,17,True
361.27,524,0.7333333333333333,0.11443829868395956,2,22,False
337.18,922,0.7,0.03252737720915103,1,21,False
325.71,686,0.7,0.21856331050560976,5,21,False
199.22,668,0.0,0.0,0,0,False
279.8,106,0.7333333333333333,1.1288805268109126,4,22,True
218.35,595,0.6,0.25197379472534853,5,18,True
498.97,713,0.43333333333333335,0.0841160801906631,2,13,False
424.09,948,0.3,0.06327111673521037,2,9,False
284.5,357,0.4666666666666667,0.0,0,14,False
80.23,745,0.1,0.2012612370857373,5,3,False
99.21,29,0.23333333333333334,5.1194539249146755,5,7,False
122.06,534,0.23333333333333334,0.16844469399213924,3,7,True
133.87,822,0.0,0.10944910616563298,3,0,False
252.31,761,0.7333333333333333,0.0,0,22,False
388.55,225,0.6,0.0,0,18,True
134.13,110,0.1,0.815956482320943,3,3,False
287.47,274,0.4,0.4374772147283996,4,12,False
206.57,631,0.16666666666666666,0.1900839537462379,4,5,False
183.85,839,0.7,0.0,0,21,False
187.42,143,0.13333333333333333,1.0467550593161201,5,4,False
112.04,529,0.5,0.056678632155677304,1,15,False
340.37,656,0.16666666666666666,0.1828432119457565,4,5,False
134.19,507,0.03333333333333333,0.23654642223536368,4,1,True
268.07,892,1.0,0.10086293847360753,3,30,False
234.11,581,0.8666666666666667,0.25804231894030616,5,26,False
304.43,460,0.3,0.0651748859439496,1,9,False
291.92,39,0.6,2.2900763358778624,3,18,True
297.38,766,0.26666666666666666,0.0,0,8,False
293.92,799,0.4666666666666667,0.18766420618040786,5,14,False
241.32,565,0.8,0.2653458340704051,5,24,True
499.69,259,0.9,0.23139220979560357,2,27,True
439.38,842,0.2,0.03561676362341208,1,6,True
207.78,836,0.43333333333333335,0.17936147315556616,5,13,False
142.98,175,0.6,0.0,0,18,False
292.45,365,0.3,0.41062140706268824,5,9,False
436.11,302,0.8666666666666667,0.4961958319550116,5,26,False
387.54,103,0.26666666666666666,0.0,0,8,True
439.74,893,0.3333333333333333,0.16791671331019814,5,10,False
429.6,854,0.6,0.03511646962425378,1,18,True
236.4,653,0.8333333333333334,0.2296035512015919,5,25,True
282.03,907,0.4666666666666667,0.06613027664499063,2,14,False
51.11,979,0.06666666666666667,0.15317063208414175,5,2,False
348.86,754,0.8333333333333334,0.0,0,25,False
243.34,553,0.3333333333333333,0.10844026748599313,2,10,False
296.29,854,0.8333333333333334,0.10534940887276133,3,25,True
71.78,357,0.0,0.2518891687657431,3,0,False
248.58,133,0.2,0.6751687921980495,3,6,False
342.5,711,0.06666666666666667,0.08435259384226064,2,2,False
217.33,676,0.03333333333333333,0.04435901227266006,1,1,False
364.75,411,0.06666666666666667,0.36469730123997085,5,2,False
146.04,726,0.23333333333333334,0.16522098306484923,4,7,True
53.63,537,0.9,0.0,0,27,False
81.87,438,0.8333333333333334,0.3422313483915127,5,25,False
215.4,110,0.8,0.815956482320943,3,24,True
338.71,838,0.5333333333333333,0.0,0,16,False
342.51,582,0.2,0.2575991756826378,5,6,True
235.27,649,0.06666666666666667,0.04620360388110272,1,2,False
388.6,924,0.36666666666666664,0.0973709834469328,3,11,True
112.92,992,0.23333333333333334,0.0,0,7,False
323.42,572,0.0,0.2621002970470033,5,0,False
185.74,874,0.2,0.13725265927027336,4,6,False
74.56,771,0.5,0.038895371450797356,1,15,False
274.81,401,0.9333333333333333,0.299028158484924,4,28,True
192.41,18,0.43333333333333335,6.557377049180328,4,13,False
393.23,380,0.0,0.0,0,0,False
167.98,607,1.0,0.0,0,30,True
332.86,814,0.43333333333333335,0.1105243767653199,3,13,False
291.45,724,0.06666666666666667,0.08283860278889962,2,2,False
464.42,323,0.5666666666666667,0.09279307145066501,1,17,True
393.45,340,0.06666666666666667,0.44078754040552454,5,2,False
479.04,323,0.06666666666666667,0.09279307145066501,1,2,False
325.53,952,0.7666666666666667,0.1575133886380342,5,23,False
55.7,679,0.16666666666666666,0.0,0,5,False
282.75,514,0.16666666666666666,0.116663426015944,2,5,False
401.51,386,0.8,0.0,0,24,True
413.2,927,0.26666666666666666,0.0,0,8,True
84.68,735,0.03333333333333333,0.08159934720522236,2,1,False
215.46,517,0.9333333333333333,0.0,0,28,False
152.78,593,0.9,0.0,0,27,False
70.69,889,0.16666666666666666,0.033734397840998534,1,5,True
298.79,959,0.6666666666666666,0.1563640154279162,5,20,False
161.72,435,0.26666666666666666,0.13783597518952448,2,8,True
217.76,851,0.16666666666666666,0.0,0,5,True
479.34,234,0.9,0.38412291933418696,3,27,False
197.29,295,0.36666666666666664,0.0,0,11,False
403.03,211,0.4666666666666667,0.14197823000473261,1,14,True
499.0,383,0.9333333333333333,0.39133837725019566,5,28,False
117.75,565,0.23333333333333334,0.0,0,7,False
362.06,560,0.0,0.10708548991611636,2,0,False
382.14,783,0.5333333333333333,0.038299502106472615,1,16,False
76.95,249,0.26666666666666666,0.6016847172081828,5,8,False
154.16,101,0.7333333333333333,0.8884501480750248,3,22,True
88.21,923,0.6666666666666666,0.03249214773096502,1,20,False
305.52,845,0.23333333333333334,0.03549035845262037,1,7,False
191.75,304,0.8666666666666667,0.49293460400920147,5,26,True
172.38,759,0.13333333333333333,0.03951007506914263,1,4,False
119.93,804,0.3333333333333333,0.11189854531891084,3,10,False
211.23,422,0.3,0.21311863604072934,3,9,True
103.96,480,0.3,0.3123048094940662,5,9,True
68.15,852,0.13333333333333333,0.0703977472720873,2,4,False
210.08,99,0.3,1.5105740181268883,5,9,False
63.99,272,0.5666666666666667,0.3305178112376056,3,17,False
257.92,772,0.1,0.03884500841641848,1,3,False
401.43,18,0.8666666666666667,1.639344262295082,1,26,True
471.91,416,0.26666666666666666,0.28825366322363677,4,8,False
498.72,945,0.4666666666666667,0.15867978419549347,5,14,False
457.29,834,0.1,0.07191657677094569,2,3,True
125.6,49,0.4,3.0425963488843815,5,12,False
357.45,514,0.9666666666666667,0.058331713007972,1,29,True
250.71,197,0.6333333333333333,0.6082108464267613,4,19,True
182.8,637,0.5,0.1882943668601914,4,15,True
222.36,68,0.9333333333333333,2.196193265007321,5,28,True
497.34,822,0.4,0.0,0,12,False
295.03,806,0.5333333333333333,0.1488279796601761,4,16,False
61.73,335,0.9333333333333333,0.0,0,28,False
413.89,836,0.8,0.07174458926222647,2,24,False
95.06,604,0.5666666666666667,0.09928843289756743,2,17,False
75.16,841,0.6,0.03565909901343159,1,18,False
209.66,872,0.16666666666666666,0.03439183767052619,1,5,False
382.15,248,0.0,0.4832863471606927,4,0,False
305.44,726,0.8666666666666667,0.041305245766212306,1,26,False
293.96,835,0.06666666666666667,0.0,0,2,False
148.46,63,0.3333333333333333,0.0,0,10,True
108.72,945,0.03333333333333333,0.06347191367819739,2,1,False
367.11,28,0.9,0.0,0,27,True
82.64,544,0.4,0.275583318023149,5,12,False
185.79,606,0.7666666666666667,0.04948045522018803,1,23,True
482.3,977,0.7333333333333333,0.03069681776322521,1,22,False
467.98,997,0.7,0.03008121929208864,1,21,False
188.07,609,0.16666666666666666,0.04923682914820285,1,5,False
365.9,752,0.03333333333333333,0.15951083344410474,4,1,True
413.96,192,0.6,0.7800312012480499,5,18,False
199.03,112,0.3333333333333333,0.5342831700801425,2,10,False
89.93,177,0.7666666666666667,0.8460236886632826,5,23,False
169.35,913,0.36666666666666664,0.0,0,11,False
50.58,268,0.43333333333333335,0.5590756615728661,5,13,False
236.31,998,0.5666666666666667,0.06010217369528199,2,17,True
265.77,390,0.8,0.3843197540353574,5,24,True
253.08,709,0.3,0.0,0,9,True
97.13,26,0.16666666666666666,3.4220532319391634,3,5,False
473.83,755,0.6333333333333333,0.07943863365550112,2,19,True
63.95,634,0.6333333333333333,0.04729623206684534,1,19,False
95.57,917,0.43333333333333335,0.03270467676877793,1,13,False
378.49,719,0.3,0.0834144306965105,2,9,False
226.81,249,0.13333333333333333,0.3610108303249097,3,4,True
89.43,61,0.6333333333333333,2.446982055464927,5,19,False
61.58,497,0.06666666666666667,0.12065151819827065,2,2,True
403.19,490,0.26666666666666666,0.305935141749949,5,8,False
133.2,99,0.16666666666666666,0.6042296072507554,2,5,False
247.88,462,0.6,0.12978585334198572,2,18,True
363.41,69,0.36666666666666664,2.164502164502165,5,11,True
315.38,833,0.8666666666666667,0.10800432017280691,3,26,False
359.18,541,0.9333333333333333,0.2216885276186957,4,28,False
227.66,247,0.5333333333333333,0.0,0,16,False
307.17,590,0.1,0.050821616127392846,1,3,False
477.08,978,0.8333333333333334,0.030665440049064706,1,25,False
240.52,203,0.2,0.4426955238563699,3,6,True
317.77,848,0.9666666666666667,0.17682423670871153,5,29,False
224.64,832,0.9,0.07208939084464736,2,27,True
443.06,288,0.6,0.41623309053069724,4,18,False
236.5,541,0.6,0.2216885276186957,4,18,False
466.22,782,0.8333333333333334,0.0,0,25,False
204.74,298,0.6666666666666666,0.30170968823332217,3,20,False
66.86,503,0.6333333333333333,0.05960659646334194,1,19,False
67.45,629,0.7333333333333333,0.09534403305259813,2,22,False
263.85,249,0.0,0.24067388688327315,2,0,True
189.93,351,0.7,0.42698548249359525,5,21,False
110.47,106,0.8,0.8466603951081845,3,24,False
237.55,851,0.4666666666666667,0.03524022083871725,1,14,False
383.43,222,0.8666666666666667,0.2699055330634278,2,26,False
79.53,63,0.13333333333333333,1.4218009478672986,3,4,False
305.9,805,0.8666666666666667,0.03725319756612443,1,26,False
255.4,65,0.2,2.297090352220521,5,6,True
277.31,286,0.7,0.0,0,21,False
269.95,37,0.6,2.4128686327077746,3,18,True
426.94,570,0.06666666666666667,0.2630194634402946,5,2,False
72.34,297,0.9,0.10090817356205853,1,27,True
143.03,232,0.0,0.5165733964700818,4,0,False
356.99,891,0.6666666666666666,0.03365870077415012,1,20,False
150.7,183,0.7333333333333333,0.32733224222585927,2,22,False
240.71,996,0.4666666666666667,0.06022282445046673,2,14,False
185.97,264,0.4,0.4540295119182747,4,12,True
280.18,604,0.5666666666666667,0.09928843289756743,2,17,True
184.31,668,0.3333333333333333,0.0,0,10,False
174.6,289,0.3,0.5184929139301763,5,9,False
394.46,198,0.4,0.6051437216338881,4,12,True
374.58,682,0.26666666666666666,0.08793785724754506,2,8,False
381.53,934,0.8666666666666667,0.12843840308252166,4,26,False
150.06,200,0.9666666666666667,0.4493260109835247,3,29,False
185.09,969,0.9333333333333333,0.15475085112968123,5,28,False
93.92,577,0.7666666666666667,0.10393209769617182,2,23,True
132.38,833,0.6666666666666666,0.0720028801152046,2,20,False
150.5,97,0.8333333333333334,0.9249743062692704,3,25,True
313.51,914,0.5,0.0,0,15,False
311.14,60,0.9333333333333333,1.492537313432836,3,28,False
356.31,205,0.03333333333333333,0.438382854359474,3,1,False
496.56,897,0.9333333333333333,0.13373453694416584,4,28,False
192.37,934,0.5,0.0,0,15,False
191.04,346,0.26666666666666666,0.2598902685532775,3,8,False
309.33,220,0.13333333333333333,0.0,0,4,False
231.53,635,0.0,0.1416653549504171,3,0,False
217.9,44,0.8,1.3544018058690745,2,24,False
354.54,859,0.23333333333333334,0.034912137786570464,1,7,False
108.02,716,0.3,0.16752757224626552,4,9,False
70.57,177,0.7666666666666667,0.5076142131979695,3,23,True
245.15,538,0.3333333333333333,0.055731005015790445,1,10,False
134.79,929,0.0,0.09684708920692994,3,0,False
493.2,239,0.6,0.0,0,18,True
214.97,522,0.4,0.0,0,12,True
290.63,903,0.7,0.0,0,21,False
71.71,116,0.4,0.7738607050730869,3,12,False
365.84,132,0.6666666666666666,1.1337868480725624,5,20,False
95.44,15,0.6333333333333333,7.8431372549019605,4,19,False
423.79,723,0.6333333333333333,0.20738282870178346,5,19,True
403.14,126,0.2,0.9501187648456058,4,6,True
285.42,802,0.43333333333333335,0.1869624828617724,5,13,True
296.66,308,0.9666666666666667,0.48653908530651957,5,29,True
55.74,498,0.8666666666666667,0.0,0,26,False
477.25,593,0.7666666666666667,0.0,0,23,False
165.15,746,0.26666666666666666,0.08039662334181964,2,8,True
415.93,481,0.36666666666666664,0.12466237274049446,2,11,True
382.34,826,0.0,0.0,0,0,False
341.24,878,1.0,0.10247068199931686,3,30,True
379.88,642,0.16666666666666666,0.09341429238673517,2,5,True
255.44,122,0.9,1.2264922322158627,5,27,False
448.76,495,0.7333333333333333,0.06056935190793458,1,22,False
474.11,749,0.9666666666666667,0.12011210463098893,3,29,True
355.28,610,0.8,0.14746845813534326,3,24,False
358.01,373,0.5,0.08036431824270024,1,15,False
235.08,948,0.6666666666666666,0.06327111673521037,2,20,False
440.75,327,0.6,0.458295142071494,5,18,True
351.43,747,0.7333333333333333,0.16057808109193095,4,22,False
347.77,723,0.7,0.08295313148071339,2,21,False
427.56,698,0.03333333333333333,0.17184591149935557,4,1,False
277.51,17,0.9,5.202312138728324,3,27,False
271.24,175,0.03333333333333333,0.3422703936109527,2,1,True
339.49,525,0.06666666666666667,0.05711022272986864,1,2,True
251.64,476,0.3333333333333333,0.18895653999580098,3,10,False
344.02,127,0.03333333333333333,0.7069913589945012,3,1,False
90.9,576,0.6666666666666666,0.20822488287350338,4,20,False
143.08,317,0.36666666666666664,0.18909549322407818,2,11,False
150.31,851,0.8,0.140960883354869,4,24,True
345.73,640,0.1,0.0,0,3,False
203.61,783,0.5666666666666667,0.07659900421294523,2,17,False
70.6,540,0.8666666666666667,0.05552470849528039,1,26,False
98.13,740,0.1,0.040524111846548694,1,3,False
255.67,958,0.3333333333333333,0.15652718355421058,5,10,False
466.98,116,0.1,1.0318142734307825,4,3,False
346.31,796,1.0,0.037674243375612204,1,30,False
381.3,516,0.8666666666666667,0.17431725740848344,3,26,True
401.49,605,0.6,0.24781100280852467,5,18,False
96.6,183,0.9333333333333333,0.6546644844517185,4,28,False
238.4,335,0.8,0.447360572621533,5,24,False
483.62,260,0.8333333333333334,0.34575489819439115,3,25,True
321.14,142,0.3,0.8432888264230499,4,9,True
191.26,869,0.6666666666666666,0.13804210284136662,4,20,False
330.88,228,0.9666666666666667,0.2628120893561104,2,29,True
369.68,694,0.5333333333333333,0.04320898746939363,1,16,True
369.66,561,0.5,0.2137894174238375,4,15,False
369.56,602,0.3,0.1992362609995019,4,9,False
55.75,904,0.13333333333333333,0.09952449408382173,3,4,False
170.14,60,0.7,0.9950248756218907,2,21,False
77.91,262,0.8,0.11437285550895922,1,24,True
416.31,560,0.7666666666666667,0.2677137247902909,5,23,True
341.2,581,0.8333333333333334,0.20643385515224494,4,25,False
361.82,821,0.4,0.1095823694143431,3,12,False
190.69,432,0.7666666666666667,0.0,0,23,False
440.98,263,0.8666666666666667,0.34181541967337636,3,26,True
369.3,236,0.5666666666666667,0.5078290308929327,4,17,False
376.21,762,0.16666666666666666,0.1180637544273908,3,5,False
483.11,705,0.4,0.0,0,12,True
168.91,47,0.0,1.2684989429175475,2,0,False
119.66,344,0.6333333333333333,0.17426662794074935,2,19,False
327.02,58,0.8333333333333334,1.5437392795883362,3,25,False
402.81,592,1.0,0.05065000844166807,1,30,False
277.31,194,0.4,0.6176016469377251,4,12,False
146.01,100,0.3,0.5982053838484547,2,9,False
288.72,229,0.0,0.6541648495420845,5,0,False
158.16,123,0.23333333333333334,0.9732360097323602,4,7,False
448.55,987,0.4,0.0,0,12,True
61.12,268,0.5333333333333333,0.22363026462914648,2,16,False
69.73,828,0.3333333333333333,0.03621876131836291,1,10,False
93.18,532,0.5666666666666667,0.22543678376855153,4,17,True
351.65,13,0.43333333333333335,11.278195488721805,5,13,False
291.99,861,0.8,0.17415534656913967,5,24,True
82.45,451,0.4666666666666667,0.0,0,14,False
82.96,740,0.5666666666666667,0.08104822369309739,2,17,False
459.94,78,0.6666666666666666,1.149425287356322,3,20,False
225.28,420,0.6666666666666666,0.0,0,20,False
385.68,743,0.36666666666666664,0.0,0,11,False
404.1,956,0.3,0.0,0,9,False
227.8,789,0.16666666666666666,0.11402508551881413,3,5,False
386.04,552,0.3,0.21727322107550245,4,9,True
354.78,989,0.6666666666666666,0.15162235924390985,5,20,False
299.09,388,0.03333333333333333,0.0,0,1,False
291.72,11,0.2,5.3097345132743365,2,6,False
204.73,772,0.9,0.19422504208209243,5,27,False
132.8,530,0.2,0.11314350367716385,2,6,True
409.85,123,0.4666666666666667,0.9732360097323602,4,14,True
352.26,666,0.7666666666666667,0.04502476361999099,1,23,False
210.71,600,0.1,0.04997501249375312,1,3,False
137.07,297,0.6333333333333333,0.20181634712411706,2,19,False
118.58,681,1.0,0.08806693086745926,2,30,False
190.95,444,0.7666666666666667,0.337609723160027,5,23,True
211.77,662,0.9333333333333333,0.09059338668277216,2,28,False
398.65,497,0.16666666666666666,0.0,0,5,False
176.28,667,0.2,0.17982916229581894,4,6,False
84.41,275,0.9,0.0,0,27,False
311.85,525,0.2,0.22844089091947456,4,6,False
167.28,934,0.5,0.12843840308252166,4,15,True
226.62,675,0.7666666666666667,0.1776988005330964,4,23,False
259.12,883,0.36666666666666664,0.10189063738254273,3,11,True
157.5,520,0.7,0.2306361714395541,4,21,True
250.8,175,0.7,0.6845407872219054,4,21,False
379.4,899,0.23333333333333334,0.0,0,7,False
168.96,785,0.2,0.19100980516999871,5,6,False
224.64,536,0.03333333333333333,0.0,0,1,False
485.8,670,0.8666666666666667,0.08951215873489482,2,26,False
294.96,765,0.4,0.1960015680125441,5,12,True
425.96,380,0.9666666666666667,0.236655272153563,3,29,False
417.76,234,0.9333333333333333,0.38412291933418696,3,28,False
446.92,624,0.06666666666666667,0.048053820278712155,1,2,True
117.61,532,0.7333333333333333,0.22543678376855153,4,22,False
153.66,842,0.1,0.17808381811706042,5,3,True
144.82,499,0.0,0.18025235329461245,3,0,False
308.07,255,0.5333333333333333,0.5875440658049353,5,16,True
75.16,46,0.5333333333333333,0.6479481641468682,1,16,False
336.93,987,0.7,0.15192950470981467,5,21,False
88.59,847,0.9,0.1062197568747787,3,27,True
423.66,499,0.8666666666666667,0.24033647105948325,4,26,True
346.84,791,0.7,0.18956148110703905,5,21,True
315.77,356,0.13333333333333333,0.25259612685938815,3,4,False
285.22,117,0.43333333333333335,1.278772378516624,5,13,True
93.33,852,0.6333333333333333,0.1407954945441746,4,19,True
276.5,45,0.7,1.9867549668874172,3,21,False
422.38,139,0.6666666666666666,1.0768126346015794,5,20,False
443.67,447,0.23333333333333334,0.20120724346076457,3,7,False
395.9,966,0.9666666666666667,0.1552312946289972,5,29,False
93.97,785,0.8,0.11460588310199922,3,24,False
177.47,244,0.26666666666666666,0.368399508800655,3,8,False
384.64,199,0.1,0.6021073758153537,4,3,True
344.55,538,0.43333333333333335,0.11146201003158089,2,13,True
241.73,376,0.9,0.15944724953494552,2,27,True
325.35,554,0.8,0.16236694930543027,3,24,False
300.9,214,0.5666666666666667,0.5599626691553896,4,17,False
187.99,501,0.4,0.2992220227408737,5,12,True
438.72,759,0.4666666666666667,0.03951007506914263,1,14,True
95.13,807,0.8333333333333334,0.07432181345224824,2,25,False
368.06,569,0.0,0.26348146847005094,5,0,False
115.4,829,0.06666666666666667,0.10852526226938382,3,2,True
216.88,71,0.4,2.103786816269285,5,12,True
345.28,959,0.03333333333333333,0.12509121234233295,4,1,False
338.13,974,0.9,0.030791337370419787,1,27,False
178.7,678,0.5333333333333333,0.1769128704113224,4,16,False
126.27,534,0.6666666666666666,0.056148231330713075,1,20,False
498.57,6,0.7,9.523809523809524,2,21,False
282.98,410,0.9666666666666667,0.0,0,29,False
423.39,98,0.36666666666666664,0.6103763987792472,2,11,False
322.86,992,0.6,0.09069837750680237,3,18,False
233.21,10,0.5333333333333333,0.0,0,16,True
411.32,307,0.8666666666666667,0.39049788480312403,4,26,False
249.25,818,0.8,0.10998411340584138,3,24,False
399.02,255,0.9,0.4700352526439483,4,27,False
80.4,34,0.7,0.8746355685131195,1,21,False
192.08,724,0.5666666666666667,0.16567720557779925,4,17,True
161.72,15,0.7666666666666667,9.803921568627452,5,23,False
469.13,846,0.2,0.07089684509039347,2,6,False
476.2,921,0.5,0.0325626831650928,1,15,False
380.94,760,0.23333333333333334,0.03945810864132579,1,7,True
328.37,213,0.1,0.0,0,3,False
480.1,948,0.8,0.0,0,24,True
431.6,883,0.5,0.06792709158836183,2,15,False
308.53,925,0.8,0.03242191721603804,1,24,False
149.94,943,0.5333333333333333,0.0,0,16,False
293.35,824,0.9,0.10918354967851511,3,27,False
489.43,708,0.3333333333333333,0.12706480304955525,3,10,False
353.35,711,0.3333333333333333,0.0,0,10,True
134.22,376,0.5,0.15944724953494552,2,15,False
132.76,987,0.7333333333333333,0.0911577028258888,3,22,False
230.27,776,0.13333333333333333,0.1545794151745459,4,4,False
94.94,595,0.5666666666666667,0.050394758945069715,1,17,False
115.63,448,0.5,0.06691947356680794,1,15,False
239.68,831,0.5333333333333333,0.18044027426921688,5,16,True
268.98,552,0.03333333333333333,0.21727322107550245,4,1,False
123.5,413,0.5,0.14517299782240503,2,15,True
385.07,865,0.5666666666666667,0.06934011325551831,2,17,False
204.86,576,0.9,0.10411244143675169,2,27,False
309.58,701,0.16666666666666666,0.17111079423926992,4,5,False
196.29,805,0.4666666666666667,0.18626598783062212,5,14,True
326.15,916,0.9,0.03274036887482265,1,27,True
201.82,177,0.4,0.676818950930626,4,12,False
122.9,875,0.6666666666666666,0.06854792642522563,2,20,False
340.09,304,0.8,0.2957607624055209,3,24,False
314.11,889,0.16666666666666666,0.10120319352299562,3,5,False
377.5,194,0.7333333333333333,0.7720020586721564,5,22,False
125.11,773,0.9666666666666667,0.0,0,29,True
61.86,905,0.1,0.0,0,3,False
344.67,274,0.23333333333333334,0.2187386073641998,2,7,False
331.92,259,0.0,0.11569610489780179,1,0,False
461.87,41,0.9,2.179176755447942,3,27,False
250.18,559,0.5666666666666667,0.26819238333631323,5,17,False
333.97,187,0.43333333333333335,0.6406833956219968,4,13,False
189.35,542,0.23333333333333334,0.22127973446431862,4,7,False
188.54,830,0.3,0.03613151872817054,1,9,True
416.92,16,0.3,3.6809815950920246,2,9,True
464.94,486,0.3,0.1850709438618137,3,9,False
181.82,15,0.5666666666666667,0.0,0,17,False
446.97,388,0.16666666666666666,0.07725985063095545,1,5,True
422.79,738,0.43333333333333335,0.0,0,13,False
394.04,646,0.7,0.2320903605136933,5,21,True
384.32,284,0.2,0.31656700668308124,3,6,True
111.48,879,0.6333333333333333,0.10235414534288638,3,19,True
330.24,469,0.13333333333333333,0.0,0,4,True
133.67,56,0.13333333333333333,1.0657193605683837,2,4,False
154.76,738,0.2,0.12190166598943518,3,6,False
409.76,356,0.7333333333333333,0.25259612685938815,3,22,False
86.1,816,0.03333333333333333,0.036751194413818446,1,1,True
294.44,278,0.8666666666666667,0.21559468199784404,2,26,False
488.57,396,0.8,0.22710068130204392,3,24,False
497.54,1004,0.8,0.14935776162501244,5,24,False
262.77,102,0.9666666666666667,0.5865102639296188,2,29,False
377.71,336,0.5333333333333333,0.35682426404995543,4,16,True
337.33,131,0.9,0.0,0,27,True
100.82,688,0.0,0.08717129158797035,2,0,True
103.84,177,0.03333333333333333,0.0,0,1,False
359.78,601,0.23333333333333334,0.0,0,7,False
328.39,167,0.03333333333333333,0.8965929468021518,5,1,False
365.6,67,0.5,0.4457652303120357,1,15,False
404.85,244,0.7666666666666667,0.368399508800655,3,23,False
220.0,203,0.9333333333333333,0.29513034923757997,2,28,True
301.56,46,0.2,1.9438444924406046,3,6,False
206.45,586,0.9,0.10233668770254134,2,27,True
299.53,857,0.4666666666666667,0.03499358450950659,1,14,False
215.2,308,0.5333333333333333,0.48653908530651957,5,16,False
58.42,394,0.23333333333333334,0.3043367993913264,4,7,False
485.22,334,0.5333333333333333,0.08973975471133713,1,16,False
119.36,705,0.6666666666666666,0.12760527435133984,3,20,False
285.44,335,0.16666666666666666,0.0894721145243066,1,5,True
98.17,900,0.6,0.0,0,18,True
270.46,663,0.26666666666666666,0.18091361374943463,4,8,False
373.03,56,0.6666666666666666,0.5328596802841918,1,20,False
85.98,509,0.36666666666666664,0.0,0,11,False
237.18,577,0.03333333333333333,0.25983024424042955,5,1,False
68.29,849,0.06666666666666667,0.07064641469445425,2,2,False
283.77,973,0.5666666666666667,0.030822973389499644,1,17,True
286.79,400,1.0,0.3747189607794154,5,30,True
236.83,189,0.6,0.7923930269413629,5,18,False
349.36,372,0.8333333333333334,0.08058017727639001,1,25,False
201.88,190,0.4666666666666667,0.6305832895428272,4,14,False
297.54,961,0.43333333333333335,0.06241547903880163,2,13,False
376.64,788,0.5666666666666667,0.1522263097805404,4,17,False
466.77,225,0.4666666666666667,0.3994673768308922,3,14,False
65.6,988,0.5333333333333333,0.0,0,16,False
52.96,144,0.9,0.2079002079002079,1,27,False
419.87,328,0.9666666666666667,0.18275967103259214,2,29,True
466.67,572,0.4666666666666667,0.0,0,14,False
169.24,370,0.23333333333333334,0.08101539292465568,1,7,True
306.72,268,0.7666666666666667,0.11181513231457324,1,23,False
267.14,85,0.7333333333333333,1.7584994138335288,5,22,False
317.85,596,0.8333333333333334,0.25155123260103973,5,25,False
75.17,596,0.9333333333333333,0.10062049304041588,2,28,False
440.52,842,0.7666666666666667,0.03561676362341208,1,23,False
55.15,674,0.03333333333333333,0.1334717484799051,3,1,False
292.97,318,0.7333333333333333,0.37700282752120645,4,22,False
353.14,232,0.8,0.38743004735256137,3,24,True
149.94,615,0.13333333333333333,0.1462701121404193,3,4,False
307.15,141,0.26666666666666666,0.6369426751592356,3,8,False
398.22,93,0.5,0.3215434083601286,1,15,False
227.89,578,0.6333333333333333,0.20750475531730936,4,19,True
82.24,759,0.7,0.07902015013828526,2,21,False
352.29,952,0.2,0.06300535545521369,2,6,False
60.89,334,0.6333333333333333,0.17947950942267427,2,19,False
330.43,847,0.2,0.03540658562492623,1,6,False
377.82,707,0.03333333333333333,0.21207408454686835,5,1,False
116.45,254,0.0,0.23594180102241447,2,0,False
187.3,357,0.2,0.16792611251049538,2,6,False
295.89,763,0.5,0.15721210533211055,4,15,False
362.78,643,0.6,0.1399036219493238,3,18,False
164.96,933,0.8333333333333334,0.03214400514304082,1,25,False
259.23,719,0.4,0.0,0,12,False
433.44,682,0.0,0.0,0,0,True
223.94,305,0.7333333333333333,0.39305601048149363,4,22,False
440.05,107,0.2,0.27958993476234856,1,6,False
466.86,518,0.9666666666666667,0.05788153579008296,1,29,False
227.03,548,0.7,0.10942914462885281,2,21,False
156.29,366,0.26666666666666666,0.32760032760032765,4,8,False
165.96,837,1.0,0.0,0,30,True
118.27,574,0.13333333333333333,0.2611875326484416,5,4,False
482.27,95,0.7,1.5739769150052467,5,21,False
118.74,238,0.3333333333333333,0.5035669324381032,4,10,False
343.61,465,0.8333333333333334,0.3223726627981947,5,25,False
359.84,213,0.43333333333333335,0.1406469760900141,1,13,False
345.3,936,0.3333333333333333,0.03204101249599487,1,10,False
373.75,75,0.7666666666666667,0.39840637450199207,1,23,False
487.8,36,0.4666666666666667,1.6528925619834711,2,14,False
336.58,769,0.8,0.03899649031587157,1,24,False
133.14,198,0.6333333333333333,0.6051437216338881,4,19,True
153.91,279,0.0,0.5370569280343717,5,0,False
400.92,373,0.5,0.32145727297080096,4,15,True
433.46,735,0.16666666666666666,0.04079967360261118,1,5,False
233.87,203,1.0,0.29513034923757997,2,30,True
352.1,428,0.06666666666666667,0.07004436142890497,1,2,True
440.21,187,0.9,0.3203416978109984,2,27,False
232.19,474,0.8666666666666667,0.31625553447185323,5,26,False
325.18,395,0.5666666666666667,0.3035669112066785,4,17,False
404.11,543,0.4666666666666667,0.1656543346217559,3,14,False
498.13,852,0.7666666666666667,0.10559662090813093,3,23,False
394.32,46,0.3,0.6479481641468682,1,9,False
398.15,456,0.43333333333333335,0.06574621959237344,1,13,False
360.48,307,0.8666666666666667,0.29287341360234304,3,26,False
275.3,667,1.0,0.17982916229581894,4,30,False
226.88,921,0.16666666666666666,0.0,0,5,False
453.11,470,0.26666666666666666,0.0,0,8,False
370.16,337,0.1,0.44470797509635346,5,3,False
252.23,99,0.7333333333333333,1.2084592145015107,4,22,True
325.43,399,0.4,0.3005259203606311,4,12,False
200.84,50,0.16666666666666666,0.5964214711729622,1,5,False
396.12,895,0.3,0.06701664246621244,2,9,True
179.95,753,1.0,0.0398247710075667,1,30,False
394.43,213,0.9,0.4219409282700422,3,27,True
323.59,516,0.6,0.058105752469494475,1,18,False
248.84,681,0.23333333333333334,0.0,0,7,False
332.89,909,0.03333333333333333,0.03299241174529858,1,1,False
343.97,195,0.7,0.0,0,21,True
199.0,597,0.43333333333333335,0.0,0,13,False
177.97,188,0.6333333333333333,0.7966011683483802,5,19,True
484.83,592,0.9666666666666667,0.10130001688333613,2,29,False
184.68,42,0.8666666666666667,2.127659574468085,3,26,True
297.71,75,0.1,0.39840637450199207,1,3,False
287.17,717,0.2,0.20911752404851527,5,6,False
307.12,632,0.06666666666666667,0.18978333069745373,4,2,True
470.25,501,0.43333333333333335,0.11968880909634949,2,13,False
286.43,629,0.9666666666666667,0.09534403305259813,2,29,False
283.87,138,0.8333333333333334,0.6507592190889372,3,25,False
368.86,190,0.1,0.0,0,3,False
103.07,30,0.43333333333333335,3.9603960396039604,4,13,False
207.34,429,0.0,0.06988120195667365,1,0,True
176.73,661,0.3,0.09073037955542113,2,9,True
52.76,524,0.4,0.11443829868395956,2,12,False
63.1,747,0.8666666666666667,0.08028904054596547,2,26,False
462.27,352,0.13333333333333333,0.42577348850411584,5,4,False
257.28,499,0.4666666666666667,0.12016823552974162,2,14,True
